{"count":1,"gauges":{"HunterBrain.CumulativeReward":{"count":168,"max":10.3909912,"min":-1.06942785,"value":0,"weightedAverage":1.22272539},"PlantEaterBrain.CumulativeReward":{"count":104,"max":7.964742,"min":-0.8923538,"value":0,"weightedAverage":1.28559089}},"self":296.2377984,"total":305.7281385,"children":{"AgentSendState":{"count":15276,"self":0.33875269999999996,"total":0.5812313,"children":{"CollectObservations":{"count":120057,"self":0.2424786,"total":0.2424786,"children":null}}},"DecideAction":{"count":15276,"self":7.37792,"total":7.3779204,"children":null},"AgentAct":{"count":15276,"self":1.5301812,"total":1.5301812,"children":null}}}