{"count":1,"gauges":{"HunterBrain.CumulativeReward":{"count":824,"max":0,"min":-5,"value":-5,"weightedAverage":-1.25}},"self":164.0295808,"total":164.04636159999998,"children":{"AgentSendState":{"count":7370,"self":0.005925,"total":0.0069221,"children":{"CollectObservations":{"count":83,"self":0.0009971,"total":0.0009971,"children":null}}},"DecideAction":{"count":7370,"self":0.0019475,"total":0.0019475,"children":null},"AgentAct":{"count":7370,"self":0.0069131999999999996,"total":0.0069131999999999996,"children":null}}}