{"count":1,"self":4.2066528,"total":4.4257956,"children":{"AgentResetIfDone":{"count":512,"self":0.0009992,"total":0.0009992,"children":null},"AgentSendState":{"count":512,"self":0.0019649999999999997,"total":0.0059622999999999994,"children":{"CollectObservations":{"count":1236,"self":0.0039973,"total":0.0039973,"children":null}}},"DecideAction":{"count":512,"self":0.20019599999999999,"total":0.20019599999999999,"children":null},"AcademyStep":{"count":512,"self":0,"total":0,"children":null},"AgentAct":{"count":512,"self":0.0109883,"total":0.0109883,"children":null}}}